party_x	NDF	SLPP	NMPP
NDF	1.0382639725154705	0.0	0.0
UPFA	0.0	0.9334681538873066	0.056140376612039106
