party_x	NDF	UPFA
NDF	1.1183627288536147	0.0
UPFA	0.10155082961096111	0.836622795515645
