party_x	NDF	SLPP	NMPP
UNP	0.720263493773718	0.1446200001659914	0.012009968657873
SLFP	0.0	0.9718361825787274	0.035999701072228496
JVP	0.0	1.7593412480737125	0.2564998964878588
ACTC	1.5414765710895864	0.0	0.0
LSSP	0.0	0.059630334506677	0.0
