party_x	NDF	SLPP	NMPP
NDF	0.8375449219339869	0.0	0.00190429415491521
UPFA	0.0	1.1100494765199735	0.06456476604130079
